{"stats":{"minecraft:mined":{"minecraft:grass_block":2,"minecraft:oak_log":3,"minecraft:dirt":1},"minecraft:custom":{"minecraft:jump":79,"minecraft:time_since_rest":1890,"minecraft:leave_game":1,"minecraft:damage_taken":190,"minecraft:crouch_one_cm":999,"minecraft:sprint_one_cm":7609,"minecraft:play_time":1890,"minecraft:time_since_death":1890,"minecraft:walk_one_cm":6438,"minecraft:sneak_time":199,"minecraft:total_world_time":1890,"minecraft:fall_one_cm":4114,"minecraft:fly_one_cm":7757},"minecraft:used":{"minecraft:oak_log":3,"minecraft:dirt":3},"minecraft:picked_up":{"minecraft:oak_log":3,"minecraft:dirt":3}},"DataVersion":3465}