{"stats":{"minecraft:killed_by":{"jujutsucraft:larue":1,"minecraft:player":2},"minecraft:mined":{"minecraft:grass_block":2,"minecraft:oak_log":5,"minecraft:oak_leaves":4},"minecraft:used":{"minecraft:oak_log":3,"minecraft:netherite_sword":11,"minecraft:dirt":2,"jujutsucraft:uniform_normal_boots":1,"minecraft:wither_skeleton_spawn_egg":5},"minecraft:custom":{"minecraft:time_since_rest":3574,"minecraft:damage_taken":874,"minecraft:deaths":3,"minecraft:crouch_one_cm":1226,"minecraft:sprint_one_cm":27504,"minecraft:play_time":10698,"minecraft:walk_one_cm":22809,"minecraft:sneak_time":166,"minecraft:mob_kills":6,"minecraft:damage_dealt_resisted":419,"minecraft:jump":155,"minecraft:damage_dealt":1000,"minecraft:leave_game":2,"minecraft:time_since_death":3506,"minecraft:total_world_time":10698,"minecraft:fall_one_cm":4801,"minecraft:fly_one_cm":26193},"minecraft:killed":{"minecraft:wither_skeleton":5,"jujutsucraft:transfigured_human_2":1},"minecraft:picked_up":{"minecraft:stone_sword":1,"minecraft:oak_log":5,"minecraft:coal":2,"minecraft:dirt":2}},"DataVersion":3465}