{"stats":{"minecraft:custom":{"minecraft:time_since_rest":324,"minecraft:deaths":2,"minecraft:walk_one_cm":11502,"minecraft:crouch_one_cm":772,"minecraft:play_time":5836,"minecraft:sprint_one_cm":23131,"minecraft:damage_taken":496,"minecraft:sneak_time":116,"minecraft:mob_kills":5,"minecraft:jump":110,"minecraft:damage_dealt":1000,"minecraft:leave_game":1,"minecraft:time_since_death":25,"minecraft:total_world_time":5836,"minecraft:fall_one_cm":3272,"minecraft:fly_one_cm":18041},"minecraft:mined":{"minecraft:grass_block":2,"minecraft:oak_log":5,"minecraft:oak_leaves":3},"minecraft:killed":{"minecraft:wither_skeleton":5},"minecraft:killed_by":{"minecraft:player":2},"minecraft:used":{"minecraft:oak_log":3,"minecraft:netherite_sword":11,"minecraft:dirt":2,"minecraft:wither_skeleton_spawn_egg":5},"minecraft:picked_up":{"minecraft:stone_sword":1,"minecraft:oak_log":5,"minecraft:coal":2,"minecraft:dirt":2}},"DataVersion":3465}