{"stats":{"minecraft:picked_up":{"minecraft:spruce_log":7},"minecraft:mined":{"minecraft:spruce_log":5},"minecraft:dropped":{"minecraft:spruce_log":2},"minecraft:used":{"minecraft:spruce_log":5},"minecraft:custom":{"minecraft:jump":58,"minecraft:time_since_rest":1643,"minecraft:crouch_one_cm":69,"minecraft:leave_game":1,"minecraft:sprint_one_cm":4957,"minecraft:play_time":1643,"minecraft:time_since_death":1643,"minecraft:walk_one_cm":5338,"minecraft:sneak_time":60,"minecraft:total_world_time":1643,"minecraft:drop":2,"minecraft:fall_one_cm":1103,"minecraft:fly_one_cm":12859}},"DataVersion":3465}