{"stats":{"minecraft:picked_up":{"minecraft:spruce_log":9,"minecraft:dirt":1},"minecraft:used":{"minecraft:dirt":1,"minecraft:spruce_log":7},"minecraft:dropped":{"minecraft:spruce_log":2},"minecraft:custom":{"minecraft:time_since_rest":3960,"minecraft:crouch_one_cm":304,"minecraft:sprint_one_cm":23391,"minecraft:play_time":16430,"minecraft:walk_one_cm":12392,"minecraft:damage_taken":470,"minecraft:deaths":2,"minecraft:sneak_time":149,"minecraft:drop":2,"minecraft:jump":242,"minecraft:leave_game":4,"minecraft:time_since_death":171,"minecraft:total_world_time":16430,"minecraft:fall_one_cm":10241,"minecraft:fly_one_cm":66498},"minecraft:killed_by":{"minecraft:skeleton":1,"minecraft:zombie":1},"minecraft:mined":{"minecraft:grass_block":1,"minecraft:spruce_leaves":2,"minecraft:spruce_log":7}},"DataVersion":3465}