{"stats":{"minecraft:custom":{"minecraft:time_since_rest":2790,"minecraft:walk_one_cm":9734,"minecraft:play_time":2790,"minecraft:sprint_one_cm":8750,"minecraft:damage_taken":120,"minecraft:walk_under_water_one_cm":88,"minecraft:mob_kills":1,"minecraft:jump":129,"minecraft:damage_dealt":542,"minecraft:leave_game":1,"minecraft:time_since_death":2790,"minecraft:walk_on_water_one_cm":144,"minecraft:total_world_time":2790,"minecraft:swim_one_cm":1944,"minecraft:fall_one_cm":2303,"minecraft:fly_one_cm":19590,"minecraft:player_kills":2},"minecraft:mined":{"minecraft:grass":7,"minecraft:oxeye_daisy":1},"minecraft:killed":{"minecraft:wither_skeleton":1},"minecraft:used":{"minecraft:netherite_sword":10,"minecraft:wither_skeleton_spawn_egg":1},"minecraft:picked_up":{"minecraft:wither_skeleton_spawn_egg":1,"minecraft:stone_sword":1,"minecraft:bone":2,"minecraft:netherite_sword":1,"minecraft:oak_log":2,"minecraft:coal":2}},"DataVersion":3465}