{
  "minecraft:recipes/misc/charcoal": {
    "criteria": {
      "has_log": "2024-06-14 15:55:21 +0000"
    },
    "done": true
  },
  "minecraft:recipes/decorations/crafting_table": {
    "criteria": {
      "unlock_right_away": "2024-06-14 15:55:10 +0000"
    },
    "done": true
  },
  "minecraft:recipes/building_blocks/oak_planks": {
    "criteria": {
      "has_logs": "2024-06-14 15:55:21 +0000"
    },
    "done": true
  },
  "minecraft:adventure/adventuring_time": {
    "criteria": {
      "minecraft:forest": "2024-06-14 15:55:11 +0000",
      "minecraft:windswept_savanna": "2024-06-14 15:55:14 +0000"
    },
    "done": false
  },
  "minecraft:recipes/building_blocks/oak_wood": {
    "criteria": {
      "has_log": "2024-06-14 15:55:21 +0000"
    },
    "done": true
  },
  "DataVersion": 3465
}